"Story","Title","Result","Date","Stability","Duration (s)"
"Add an item to the shopping cart","Add item to cart","FAILURE","2017-02-05T01:18:01.645+01:00","0.0","101.88"
"Display product details","Display product details from the search list","ERROR","2017-02-05T01:20:12.777+01:00","0.0","70.97"
"Display product details","Display social media links for a product","SUCCESS","2017-02-05T01:21:27.753+01:00","0.0","57.07"
"Search by keyword","Search by shop name","ERROR","2017-02-05T01:23:39.269+01:00","0.0","45.24"
"Search by keyword","Search for articles by keyword","FAILURE","2017-02-05T01:23:10.314+01:00","0.0","27.55"
"Search by keyword","Search for many articles by keyword","FAILURE","2017-02-05T01:24:26.098+01:00","0.0","55.33"
