<acceptance-test-run title="Display product details from the search list" name="Display product details from the search list" description="" steps="5" successful="4" failures="0" errors="1" skipped="0" ignored="0" pending="0" annotated-result="ERROR" result="ERROR" duration="70974" timestamp="2017-02-05T01:20:12.777+01:00" session-id="ede89a510436c1587ad7a2ac2040db79">
  <user-story id="display-product-details" name="Display product details" path="src/test/resources/features/search/display_product_details.feature"/>
  <issues>
    <issue>ETSY-101</issue>
  </issues>
  <versions>
    <version>Release-1</version>
    <version>Sprint-1.2</version>
  </versions>
  <tags>
    <tag name="Search" type="capability"/>
    <tag name="Search/Display product details" type="feature"/>
    <tag name="ETSY-101" type="issue"/>
    <tag name="Release-1" type="version"/>
    <tag name="Sprint-1.2" type="version"/>
  </tags>
  <test-group name="Given I have searched for &apos;Docking station&apos; in my region" result="SUCCESS">
    <screenshots>
      <screenshot image="c2052bbd6092fe81b0ef1b8a1233c137.png"/>
    </screenshots>
    <test-step result="SUCCESS" duration="5249">
      <screenshots>
        <screenshot image="ffbc3889542308018dc67453500290e5.png"/>
      </screenshots>
      <description>Opens home page</description>
    </test-step>
    <test-step result="SUCCESS" duration="16816">
      <screenshots>
        <screenshot image="c2052bbd6092fe81b0ef1b8a1233c137.png"/>
      </screenshots>
      <description>Searches by keyword: Docking station</description>
    </test-step>
    <test-step result="SUCCESS" duration="4607">
      <screenshots>
        <screenshot image="c2052bbd6092fe81b0ef1b8a1233c137.png"/>
      </screenshots>
      <description>Filters by local region</description>
    </test-step>
  </test-group>
  <test-group name="When I select item 1" result="SUCCESS">
    <screenshots>
      <screenshot image="b315f3d3c243e1cb6eaf1b5e52590224.png"/>
    </screenshots>
    <test-step result="SUCCESS" duration="10114">
      <screenshots>
        <screenshot image="b315f3d3c243e1cb6eaf1b5e52590224.png"/>
      </screenshots>
      <description>Selects listing: 1</description>
    </test-step>
  </test-group>
  <test-group name="Then I should see product description and price on the details page" result="ERROR">
    <test-step result="ERROR" duration="12306">
      <screenshots>
        <screenshot image="b315f3d3c243e1cb6eaf1b5e52590224.png" source="pagesource6509946498145333865.html.txt"/>
      </screenshots>
      <description>Should see product details for: Listing{name=&apos;Wooden iPad/iPad mini Stand, iPad Stand Wood,Tablet Stand,iPad Holder,iPad Dock,Walnut Bent Plywood,Tablet Platform,Dock Station&apos;, price=139.86}</description>
      <error>org.openqa.selenium.NoSuchElementException: Timed out after 5 seconds waiting for net.serenitybdd.core.pages.WebElementFacadeImpl$1@5484117b
Build info: version: &apos;2.53.0&apos;, revision: &apos;35ae25b1534ae328c771e0856c93e187490ca824&apos;, time: &apos;2016-03-15 10:43:46&apos;
System info: host: &apos;Scout&apos;, ip: &apos;192.168.128.104&apos;, os.name: &apos;Windows 10&apos;, os.arch: &apos;amd64&apos;, os.version: &apos;10.0&apos;, java.version: &apos;1.8.0_92&apos;
Driver info: driver.version: unknown
For documentation on this error, please visit: http://seleniumhq.org/exceptions/no_such_element.html
Build info: version: &apos;2.53.0&apos;, revision: &apos;35ae25b1534ae328c771e0856c93e187490ca824&apos;, time: &apos;2016-03-15 10:43:46&apos;
System info: host: &apos;Scout&apos;, ip: &apos;192.168.128.104&apos;, os.name: &apos;Windows 10&apos;, os.arch: &apos;amd64&apos;, os.version: &apos;10.0&apos;, java.version: &apos;1.8.0_92&apos;
Driver info: driver.version: unknown</error>
      <exception>org.openqa.selenium.NoSuchElementException:Timed out after 5 seconds waiting for net.serenitybdd.core.pages.WebElementFacadeImpl$1@5484117b
Build info: version: &apos;2.53.0&apos;, revision: &apos;35ae25b1534ae328c771e0856c93e187490ca824&apos;, time: &apos;2016-03-15 10:43:46&apos;
System info: host: &apos;Scout&apos;, ip: &apos;192.168.128.104&apos;, os.name: &apos;Windows 10&apos;, os.arch: &apos;amd64&apos;, os.version: &apos;10.0&apos;, java.version: &apos;1.8.0_92&apos;
Driver info: driver.version: unknown
For documentation on this error, please visit: http://seleniumhq.org/exceptions/no_such_element.html
Build info: version: &apos;2.53.0&apos;, revision: &apos;35ae25b1534ae328c771e0856c93e187490ca824&apos;, time: &apos;2016-03-15 10:43:46&apos;
System info: host: &apos;Scout&apos;, ip: &apos;192.168.128.104&apos;, os.name: &apos;Windows 10&apos;, os.arch: &apos;amd64&apos;, os.version: &apos;10.0&apos;, java.version: &apos;1.8.0_92&apos;
Driver info: driver.version: unknown&#xd;
[net.thucydides.showcase.cucumber.pages.ListingPage.getDisplayedListing(ListingPage.java:48), net.thucydides.showcase.cucumber.steps.serenity.BuyerSteps.should_see_product_details_for(BuyerSteps.java:55), net.thucydides.showcase.cucumber.steps.DisplayProductDetailsScenarioSteps.thenIShouldSeeProductDescriptionAndPriceOnTheDetailsPage(DisplayProductDetailsScenarioSteps.java:40)]</exception>
    </test-step>
  </test-group>
</acceptance-test-run>