{"name":"Display product details from the search list","testSteps":[{"number":1,"description":"Given I have searched for \u0027Docking station\u0027 in my region","duration":47960,"startTime":1486254012781,"screenshots":[{"screenshot":"c2052bbd6092fe81b0ef1b8a1233c137.png"}],"result":"SUCCESS","children":[{"number":2,"description":"Opens home page","duration":5249,"startTime":1486254033277,"screenshots":[{"screenshot":"ffbc3889542308018dc67453500290e5.png"}],"result":"SUCCESS"},{"number":3,"description":"Searches by keyword: Docking station","duration":16816,"startTime":1486254038532,"screenshots":[{"screenshot":"c2052bbd6092fe81b0ef1b8a1233c137.png"}],"result":"SUCCESS"},{"number":4,"description":"Filters by local region","duration":4607,"startTime":1486254055350,"screenshots":[{"screenshot":"c2052bbd6092fe81b0ef1b8a1233c137.png"}],"result":"SUCCESS"}]},{"number":5,"description":"When I select item 1","duration":10679,"startTime":1486254060743,"screenshots":[{"screenshot":"b315f3d3c243e1cb6eaf1b5e52590224.png"}],"result":"SUCCESS","children":[{"number":6,"description":"Selects listing: 1","duration":10114,"startTime":1486254060746,"screenshots":[{"screenshot":"b315f3d3c243e1cb6eaf1b5e52590224.png"}],"result":"SUCCESS"}]},{"number":7,"description":"Then I should see product description and price on the details page","duration":12328,"startTime":1486254071423,"exception":{"errorType":"org.openqa.selenium.NoSuchElementException","message":"Timed out after 5 seconds waiting for net.serenitybdd.core.pages.WebElementFacadeImpl$1@5484117b\nBuild info: version: \u00272.53.0\u0027, revision: \u002735ae25b1534ae328c771e0856c93e187490ca824\u0027, time: \u00272016-03-15 10:43:46\u0027\nSystem info: host: \u0027Scout\u0027, ip: \u0027192.168.128.104\u0027, os.name: \u0027Windows 10\u0027, os.arch: \u0027amd64\u0027, os.version: \u002710.0\u0027, java.version: \u00271.8.0_92\u0027\nDriver info: driver.version: unknown\nFor documentation on this error, please visit: http://seleniumhq.org/exceptions/no_such_element.html\nBuild info: version: \u00272.53.0\u0027, revision: \u002735ae25b1534ae328c771e0856c93e187490ca824\u0027, time: \u00272016-03-15 10:43:46\u0027\nSystem info: host: \u0027Scout\u0027, ip: \u0027192.168.128.104\u0027, os.name: \u0027Windows 10\u0027, os.arch: \u0027amd64\u0027, os.version: \u002710.0\u0027, java.version: \u00271.8.0_92\u0027\nDriver info: driver.version: unknown\nFor documentation on this error, please visit: http://seleniumhq.org/exceptions/no_such_element.html\nBuild info: version: \u00272.53.0\u0027, revision: \u002735ae25b1534ae328c771e0856c93e187490ca824\u0027, time: \u00272016-03-15 10:43:46\u0027\nSystem info: host: \u0027Scout\u0027, ip: \u0027192.168.128.104\u0027, os.name: \u0027Windows 10\u0027, os.arch: \u0027amd64\u0027, os.version: \u002710.0\u0027, java.version: \u00271.8.0_92\u0027\nDriver info: driver.version: unknown","stackTrace":[{"declaringClass":"net.thucydides.showcase.cucumber.pages.ListingPage","methodName":"getDisplayedListing","fileName":"ListingPage.java","lineNumber":48},{"declaringClass":"net.thucydides.showcase.cucumber.steps.serenity.BuyerSteps","methodName":"should_see_product_details_for","fileName":"BuyerSteps.java","lineNumber":55},{"declaringClass":"net.thucydides.showcase.cucumber.steps.DisplayProductDetailsScenarioSteps","methodName":"thenIShouldSeeProductDescriptionAndPriceOnTheDetailsPage","fileName":"DisplayProductDetailsScenarioSteps.java","lineNumber":40}]},"result":"ERROR","children":[{"number":8,"description":"Should see product details for: Listing{name\u003d\u0027Wooden iPad/iPad mini Stand, iPad Stand Wood,Tablet Stand,iPad Holder,iPad Dock,Walnut Bent Plywood,Tablet Platform,Dock Station\u0027, price\u003d139.86}","duration":12306,"startTime":1486254071427,"screenshots":[{"screenshot":"b315f3d3c243e1cb6eaf1b5e52590224.png","htmlSource":"pagesource6509946498145333865.html.txt"}],"exception":{"errorType":"org.openqa.selenium.NoSuchElementException","message":"Timed out after 5 seconds waiting for net.serenitybdd.core.pages.WebElementFacadeImpl$1@5484117b\nBuild info: version: \u00272.53.0\u0027, revision: \u002735ae25b1534ae328c771e0856c93e187490ca824\u0027, time: \u00272016-03-15 10:43:46\u0027\nSystem info: host: \u0027Scout\u0027, ip: \u0027192.168.128.104\u0027, os.name: \u0027Windows 10\u0027, os.arch: \u0027amd64\u0027, os.version: \u002710.0\u0027, java.version: \u00271.8.0_92\u0027\nDriver info: driver.version: unknown\nFor documentation on this error, please visit: http://seleniumhq.org/exceptions/no_such_element.html\nBuild info: version: \u00272.53.0\u0027, revision: \u002735ae25b1534ae328c771e0856c93e187490ca824\u0027, time: \u00272016-03-15 10:43:46\u0027\nSystem info: host: \u0027Scout\u0027, ip: \u0027192.168.128.104\u0027, os.name: \u0027Windows 10\u0027, os.arch: \u0027amd64\u0027, os.version: \u002710.0\u0027, java.version: \u00271.8.0_92\u0027\nDriver info: driver.version: unknown","stackTrace":[{"declaringClass":"net.thucydides.showcase.cucumber.pages.ListingPage","methodName":"getDisplayedListing","fileName":"ListingPage.java","lineNumber":48},{"declaringClass":"net.thucydides.showcase.cucumber.steps.serenity.BuyerSteps","methodName":"should_see_product_details_for","fileName":"BuyerSteps.java","lineNumber":55},{"declaringClass":"net.thucydides.showcase.cucumber.steps.DisplayProductDetailsScenarioSteps","methodName":"thenIShouldSeeProductDescriptionAndPriceOnTheDetailsPage","fileName":"DisplayProductDetailsScenarioSteps.java","lineNumber":40}]},"result":"ERROR"}]}],"userStory":{"id":"display-product-details","storyName":"Display product details","path":"src/test/resources/features/search/display_product_details.feature","narrative":"In order to encourage buyers to make a purchase\r\nAs a seller\r\nI want buyers to be able to see details about a product","type":"feature"},"title":"Display product details from the search list","description":"","additionalIssues":["ETSY-101"],"tags":[{"name":"ETSY-101","type":"issue"},{"name":"Search/Display product details","type":"feature"},{"name":"Release-1","type":"version"},{"name":"Search","type":"capability"},{"name":"Sprint-1.2","type":"version"}],"startTime":1486254012777,"duration":70974,"testFailureCause":{"errorType":"org.openqa.selenium.NoSuchElementException","message":"Timed out after 5 seconds waiting for net.serenitybdd.core.pages.WebElementFacadeImpl$1@5484117b\nBuild info: version: \u00272.53.0\u0027, revision: \u002735ae25b1534ae328c771e0856c93e187490ca824\u0027, time: \u00272016-03-15 10:43:46\u0027\nSystem info: host: \u0027Scout\u0027, ip: \u0027192.168.128.104\u0027, os.name: \u0027Windows 10\u0027, os.arch: \u0027amd64\u0027, os.version: \u002710.0\u0027, java.version: \u00271.8.0_92\u0027\nDriver info: driver.version: unknown\nFor documentation on this error, please visit: http://seleniumhq.org/exceptions/no_such_element.html\nBuild info: version: \u00272.53.0\u0027, revision: \u002735ae25b1534ae328c771e0856c93e187490ca824\u0027, time: \u00272016-03-15 10:43:46\u0027\nSystem info: host: \u0027Scout\u0027, ip: \u0027192.168.128.104\u0027, os.name: \u0027Windows 10\u0027, os.arch: \u0027amd64\u0027, os.version: \u002710.0\u0027, java.version: \u00271.8.0_92\u0027\nDriver info: driver.version: unknown","stackTrace":[{"declaringClass":"net.thucydides.showcase.cucumber.pages.ListingPage","methodName":"getDisplayedListing","fileName":"ListingPage.java","lineNumber":48},{"declaringClass":"net.thucydides.showcase.cucumber.steps.serenity.BuyerSteps","methodName":"should_see_product_details_for","fileName":"BuyerSteps.java","lineNumber":55},{"declaringClass":"net.thucydides.showcase.cucumber.steps.DisplayProductDetailsScenarioSteps","methodName":"thenIShouldSeeProductDescriptionAndPriceOnTheDetailsPage","fileName":"DisplayProductDetailsScenarioSteps.java","lineNumber":40}]},"testFailureClassname":"java.lang.AssertionError","testFailureMessage":"Timed out after 5 seconds waiting for net.serenitybdd.core.pages.WebElementFacadeImpl$1@5484117b\nBuild info: version: \u00272.53.0\u0027, revision: \u002735ae25b1534ae328c771e0856c93e187490ca824\u0027, time: \u00272016-03-15 10:43:46\u0027\nSystem info: host: \u0027Scout\u0027, ip: \u0027192.168.128.104\u0027, os.name: \u0027Windows 10\u0027, os.arch: \u0027amd64\u0027, os.version: \u002710.0\u0027, java.version: \u00271.8.0_92\u0027\nDriver info: driver.version: unknown\nFor documentation on this error, please visit: http://seleniumhq.org/exceptions/no_such_element.html\nBuild info: version: \u00272.53.0\u0027, revision: \u002735ae25b1534ae328c771e0856c93e187490ca824\u0027, time: \u00272016-03-15 10:43:46\u0027\nSystem info: host: \u0027Scout\u0027, ip: \u0027192.168.128.104\u0027, os.name: \u0027Windows 10\u0027, os.arch: \u0027amd64\u0027, os.version: \u002710.0\u0027, java.version: \u00271.8.0_92\u0027\nDriver info: driver.version: unknown\r\nTimed out after 5 seconds waiting for net.serenitybdd.core.pages.WebElementFacadeImpl$1@5484117b\nBuild info: version: \u00272.53.0\u0027, revision: \u002735ae25b1534ae328c771e0856c93e187490ca824\u0027, time: \u00272016-03-15 10:43:46\u0027\nSystem info: host: \u0027Scout\u0027, ip: \u0027192.168.128.104\u0027, os.name: \u0027Windows 10\u0027, os.arch: \u0027amd64\u0027, os.version: \u002710.0\u0027, java.version: \u00271.8.0_92\u0027\nDriver info: driver.version: unknown\nFor documentation on this error, please visit: http://seleniumhq.org/exceptions/no_such_element.html\nBuild info: version: \u00272.53.0\u0027, revision: \u002735ae25b1534ae328c771e0856c93e187490ca824\u0027, time: \u00272016-03-15 10:43:46\u0027\nSystem info: host: \u0027Scout\u0027, ip: \u0027192.168.128.104\u0027, os.name: \u0027Windows 10\u0027, os.arch: \u0027amd64\u0027, os.version: \u002710.0\u0027, java.version: \u00271.8.0_92\u0027\nDriver info: driver.version: unknown\nFor documentation on this error, please visit: http://seleniumhq.org/exceptions/no_such_element.html\nBuild info: version: \u00272.53.0\u0027, revision: \u002735ae25b1534ae328c771e0856c93e187490ca824\u0027, time: \u00272016-03-15 10:43:46\u0027\nSystem info: host: \u0027Scout\u0027, ip: \u0027192.168.128.104\u0027, os.name: \u0027Windows 10\u0027, os.arch: \u0027amd64\u0027, os.version: \u002710.0\u0027, java.version: \u00271.8.0_92\u0027\nDriver info: driver.version: unknown","annotatedResult":"ERROR","sessionId":"ede89a510436c1587ad7a2ac2040db79","driver":"chrome","manual":false,"result":"ERROR","issues":["ETSY-101"],"versions":["Release-1","Sprint-1.2"]}