<acceptance-test-run title="Search for articles by keyword" name="Search for articles by keyword" description="" steps="3" successful="2" failures="1" skipped="0" ignored="0" pending="0" annotated-result="FAILURE" result="FAILURE" duration="27554" timestamp="2017-02-05T01:23:10.314+01:00" session-id="93d8af8d8e5e102f5a61c1c465ad1588">
  <user-story id="search-by-keyword" name="Search by keyword" path="src/test/resources/features/search/search_by_keyword.feature"/>
  <issues>
    <issue>ETSY-102</issue>
  </issues>
  <versions>
    <version>Release-2</version>
  </versions>
  <tags>
    <tag name="Search" type="capability"/>
    <tag name="ui" type="component"/>
    <tag name="Search/Search by keyword" type="feature"/>
    <tag name="ETSY-102" type="issue"/>
    <tag name="Release-2" type="version"/>
  </tags>
  <test-group name="Given I want to buy a wool scarf" result="SUCCESS">
    <screenshots>
      <screenshot image="91d4b96e51710d77f697cd2be02a755d.png"/>
    </screenshots>
    <test-step result="SUCCESS" duration="11008">
      <screenshots>
        <screenshot image="91d4b96e51710d77f697cd2be02a755d.png"/>
      </screenshots>
      <description>Opens home page</description>
    </test-step>
  </test-group>
  <test-group name="When I search for &apos;wool&apos;" result="SUCCESS">
    <screenshots>
      <screenshot image="269e2a8115e5c08755a8b5d7f7dea185.png"/>
    </screenshots>
    <test-step result="SUCCESS" duration="11739">
      <screenshots>
        <screenshot image="269e2a8115e5c08755a8b5d7f7dea185.png"/>
      </screenshots>
      <description>Searches by keyword: wool</description>
    </test-step>
  </test-group>
  <test-group name="Then I should see only articles related to &apos;wool&apos;" result="FAILURE">
    <test-step result="FAILURE" duration="2795">
      <screenshots>
        <screenshot image="269e2a8115e5c08755a8b5d7f7dea185.png" source="pagesource3070094285028172338.html.txt"/>
      </screenshots>
      <description>Should see results summary containing: wool</description>
      <error>java.lang.AssertionError: 
Expecting:
 &lt;&quot;“&quot;&gt;
to contain:
 &lt;&quot;wool&quot;&gt;
 (ignoring case)</error>
      <exception>java.lang.AssertionError:
Expecting:
 &lt;&quot;“&quot;&gt;
to contain:
 &lt;&quot;wool&quot;&gt;
 (ignoring case)&#xd;
[net.thucydides.showcase.cucumber.steps.serenity.BuyerSteps.should_see_results_summary_containing(BuyerSteps.java:35), net.thucydides.showcase.cucumber.steps.SearchScenarioSteps.resultsForACategoryAndKeywordInARegion(SearchScenarioSteps.java:28)]</exception>
    </test-step>
  </test-group>
</acceptance-test-run>