{"name":"Search for articles by keyword","testSteps":[{"number":1,"description":"Given I want to buy a wool scarf","duration":12206,"startTime":1486254190320,"screenshots":[{"screenshot":"91d4b96e51710d77f697cd2be02a755d.png"}],"result":"SUCCESS","children":[{"number":2,"description":"Opens home page","duration":11008,"startTime":1486254190344,"screenshots":[{"screenshot":"91d4b96e51710d77f697cd2be02a755d.png"}],"result":"SUCCESS"}]},{"number":3,"description":"When I search for \u0027wool\u0027","duration":12534,"startTime":1486254202528,"screenshots":[{"screenshot":"269e2a8115e5c08755a8b5d7f7dea185.png"}],"result":"SUCCESS","children":[{"number":4,"description":"Searches by keyword: wool","duration":11739,"startTime":1486254202531,"screenshots":[{"screenshot":"269e2a8115e5c08755a8b5d7f7dea185.png"}],"result":"SUCCESS"}]},{"number":5,"description":"Then I should see only articles related to \u0027wool\u0027","duration":2804,"startTime":1486254215063,"exception":{"errorType":"java.lang.AssertionError","message":"\nExpecting:\n \u003c\"“\"\u003e\nto contain:\n \u003c\"wool\"\u003e\n (ignoring case)","stackTrace":[{"declaringClass":"net.thucydides.showcase.cucumber.steps.serenity.BuyerSteps","methodName":"should_see_results_summary_containing","fileName":"BuyerSteps.java","lineNumber":35},{"declaringClass":"net.thucydides.showcase.cucumber.steps.SearchScenarioSteps","methodName":"resultsForACategoryAndKeywordInARegion","fileName":"SearchScenarioSteps.java","lineNumber":28},{"declaringClass":"✽","methodName":"Then I should see only articles related to \u0027wool\u0027","fileName":"src/test/resources/features/search/search_by_keyword.feature","lineNumber":12}]},"result":"FAILURE","children":[{"number":6,"description":"Should see results summary containing: wool","duration":2795,"startTime":1486254215066,"screenshots":[{"screenshot":"269e2a8115e5c08755a8b5d7f7dea185.png","htmlSource":"pagesource3070094285028172338.html.txt"}],"exception":{"errorType":"java.lang.AssertionError","message":"\nExpecting:\n \u003c\"“\"\u003e\nto contain:\n \u003c\"wool\"\u003e\n (ignoring case)","stackTrace":[{"declaringClass":"net.thucydides.showcase.cucumber.steps.serenity.BuyerSteps","methodName":"should_see_results_summary_containing","fileName":"BuyerSteps.java","lineNumber":35},{"declaringClass":"net.thucydides.showcase.cucumber.steps.SearchScenarioSteps","methodName":"resultsForACategoryAndKeywordInARegion","fileName":"SearchScenarioSteps.java","lineNumber":28}]},"result":"FAILURE"}]}],"userStory":{"id":"search-by-keyword","storyName":"Search by keyword","path":"src/test/resources/features/search/search_by_keyword.feature","narrative":"In order for buyers to find what they are looking for more efficiently\r\nAs a seller\r\nI want buyers to be able to search for articles by keywords","type":"feature"},"title":"Search for articles by keyword","description":"","additionalIssues":["ETSY-102"],"tags":[{"name":"ETSY-102","type":"issue"},{"name":"Search/Search by keyword","type":"feature"},{"name":"ui","type":"component"},{"name":"Release-2","type":"version"},{"name":"Search","type":"capability"}],"startTime":1486254190314,"duration":27554,"testFailureCause":{"errorType":"java.lang.AssertionError","message":"\nExpecting:\n \u003c\"“\"\u003e\nto contain:\n \u003c\"wool\"\u003e\n (ignoring case)","stackTrace":[{"declaringClass":"net.thucydides.showcase.cucumber.steps.serenity.BuyerSteps","methodName":"should_see_results_summary_containing","fileName":"BuyerSteps.java","lineNumber":35},{"declaringClass":"net.thucydides.showcase.cucumber.steps.SearchScenarioSteps","methodName":"resultsForACategoryAndKeywordInARegion","fileName":"SearchScenarioSteps.java","lineNumber":28}]},"testFailureClassname":"java.lang.AssertionError","testFailureMessage":"\nExpecting:\n \u003c\"“\"\u003e\nto contain:\n \u003c\"wool\"\u003e\n (ignoring case)\r\n\nExpecting:\n \u003c\"“\"\u003e\nto contain:\n \u003c\"wool\"\u003e\n (ignoring case)","annotatedResult":"FAILURE","sessionId":"93d8af8d8e5e102f5a61c1c465ad1588","driver":"chrome","manual":false,"result":"FAILURE","issues":["ETSY-102"],"versions":["Release-2"]}