"Story","Title","Result","Date","Stability","Duration (s)"
"Add a new pet","Add a dog","SUCCESS","2017-02-05T01:23:02.378+01:00","0.0","7.67"
"Add stuff to the shopping cart test","Add a leather jacket to the cart","ERROR","2017-02-05T01:22:26.982+01:00","0.0","33.46"
"Display product details","Display product details from the search list","ERROR","2017-02-05T01:20:12.777+01:00","0.0","70.97"
"Display product details","Display social media links for a product","SUCCESS","2017-02-05T01:21:27.753+01:00","0.0","57.07"
"Search by keyword","Search by shop name","ERROR","2017-02-05T01:23:39.269+01:00","0.0","45.24"
"Search by keyword","Search for articles by keyword","FAILURE","2017-02-05T01:23:10.314+01:00","0.0","27.55"
"Search by keyword","Search for many articles by keyword","FAILURE","2017-02-05T01:24:26.098+01:00","0.0","55.33"
