{
    "name": "add_a_leather_jacket_to_the_cart",
    "testCaseName": "net.thucydides.showcase.cucumber.junit.shopping_cart.AddStuffToTheShoppingCartTest",
    "testSteps": [
        {
            "number": 1,
            "description": "Opens home page",
            "duration": 11757,
            "startTime": 1486254146988,
            "screenshots": [
                {
                    "screenshot": "2cf8a720ae913b4a3c0010600306ed47.png"
                }
            ],
            "result": "SUCCESS"
        },
        {
            "number": 2,
            "description": "Searches by keyword: leather jacket",
            "duration": 12873,
            "startTime": 1486254158751,
            "screenshots": [
                {
                    "screenshot": "28a3b9d6837e3240f502e23d8002a23c.png"
                }
            ],
            "result": "SUCCESS"
        },
        {
            "number": 3,
            "description": "Filters by local region",
            "duration": 4916,
            "startTime": 1486254171627,
            "screenshots": [
                {
                    "screenshot": "28a3b9d6837e3240f502e23d8002a23c.png"
                }
            ],
            "result": "SUCCESS"
        },
        {
            "number": 4,
            "description": "Selects listing: 2",
            "duration": 3860,
            "startTime": 1486254176548,
            "screenshots": [
                {
                    "screenshot": "28a3b9d6837e3240f502e23d8002a23c.png",
                    "htmlSource": "pagesource4618933388996102785.html.txt"
                }
            ],
            "exception": {
                "errorType": "java.lang.NumberFormatException",
                "message": "empty String",
                "stackTrace": [
                    {
                        "declaringClass": "net.thucydides.showcase.cucumber.pages.SearchResultsPage",
                        "methodName": "selectListing",
                        "fileName": "SearchResultsPage.java",
                        "lineNumber": 46
                    },
                    {
                        "declaringClass": "net.thucydides.showcase.cucumber.steps.serenity.BuyerSteps",
                        "methodName": "selects_listing",
                        "fileName": "BuyerSteps.java",
                        "lineNumber": 50
                    },
                    {
                        "declaringClass": "net.thucydides.showcase.cucumber.junit.shopping_cart.AddStuffToTheShoppingCartTest",
                        "methodName": "add_a_leather_jacket_to_the_cart",
                        "fileName": "AddStuffToTheShoppingCartTest.java",
                        "lineNumber": 27
                    }
                ]
            },
            "result": "ERROR"
        }
    ],
    "userStory": {
        "id": "net.thucydides.showcase.cucumber.junit.shopping_cart.AddStuffToTheShoppingCartTest",
        "storyName": "Add stuff to the shopping cart test",
        "storyClassName": "net.thucydides.showcase.cucumber.junit.shopping_cart.AddStuffToTheShoppingCartTest",
        "path": "net.thucydides.showcase.cucumber.junit.shopping_cart",
        "type": "story"
    },
    "title": "Add a leather jacket to the cart",
    "tags": [
        {
            "name": "Shopping cart/Add stuff to the shopping cart test",
            "type": "feature"
        },
        {
            "name": "Add stuff to the shopping cart test",
            "type": "story"
        },
        {
            "name": "Shopping cart",
            "type": "capability"
        }
    ],
    "startTime": 1486254146982,
    "duration": 33461,
    "testFailureCause": {
        "errorType": "java.lang.NumberFormatException",
        "message": "empty String",
        "stackTrace": [
            {
                "declaringClass": "net.thucydides.showcase.cucumber.pages.SearchResultsPage",
                "methodName": "selectListing",
                "fileName": "SearchResultsPage.java",
                "lineNumber": 46
            },
            {
                "declaringClass": "net.thucydides.showcase.cucumber.steps.serenity.BuyerSteps",
                "methodName": "selects_listing",
                "fileName": "BuyerSteps.java",
                "lineNumber": 50
            },
            {
                "declaringClass": "net.thucydides.showcase.cucumber.junit.shopping_cart.AddStuffToTheShoppingCartTest",
                "methodName": "add_a_leather_jacket_to_the_cart",
                "fileName": "AddStuffToTheShoppingCartTest.java",
                "lineNumber": 27
            }
        ]
    },
    "testFailureClassname": "java.lang.NumberFormatException",
    "testFailureMessage": "empty String",
    "annotatedResult": "ERROR",
    "sessionId": "6a4f30e7468e8d7c8b944056c8025945",
    "driver": "firefox",
    "manual": false,
    "testSource": "JUnit",
    "result": "ERROR"
}