<acceptance-test-run title="Add a leather jacket to the cart" name="add_a_leather_jacket_to_the_cart" steps="4" successful="3" failures="0" errors="1" skipped="0" ignored="0" pending="0" annotated-result="ERROR" result="ERROR" duration="33461" timestamp="2017-02-05T01:22:26.982+01:00" session-id="6a4f30e7468e8d7c8b944056c8025945" test-source="JUnit">
  <user-story id="net.thucydides.showcase.cucumber.junit.shopping_cart.AddStuffToTheShoppingCartTest" name="Add stuff to the shopping cart test" path="net.thucydides.showcase.cucumber.junit.shopping_cart"/>
  <tags>
    <tag name="Shopping cart" type="capability"/>
    <tag name="Shopping cart/Add stuff to the shopping cart test" type="feature"/>
    <tag name="Add stuff to the shopping cart test" type="story"/>
  </tags>
  <test-step result="SUCCESS" duration="11757">
    <screenshots>
      <screenshot image="2cf8a720ae913b4a3c0010600306ed47.png"/>
    </screenshots>
    <description>Opens home page</description>
  </test-step>
  <test-step result="SUCCESS" duration="12873">
    <screenshots>
      <screenshot image="28a3b9d6837e3240f502e23d8002a23c.png"/>
    </screenshots>
    <description>Searches by keyword: leather jacket</description>
  </test-step>
  <test-step result="SUCCESS" duration="4916">
    <screenshots>
      <screenshot image="28a3b9d6837e3240f502e23d8002a23c.png"/>
    </screenshots>
    <description>Filters by local region</description>
  </test-step>
  <test-step result="ERROR" duration="3860">
    <screenshots>
      <screenshot image="28a3b9d6837e3240f502e23d8002a23c.png" source="pagesource4618933388996102785.html.txt"/>
    </screenshots>
    <description>Selects listing: 2</description>
    <error>java.lang.NumberFormatException: empty String</error>
    <exception>java.lang.NumberFormatException:empty String&#xd;
[net.thucydides.showcase.cucumber.pages.SearchResultsPage.selectListing(SearchResultsPage.java:46), net.thucydides.showcase.cucumber.steps.serenity.BuyerSteps.selects_listing(BuyerSteps.java:50), net.thucydides.showcase.cucumber.junit.shopping_cart.AddStuffToTheShoppingCartTest.add_a_leather_jacket_to_the_cart(AddStuffToTheShoppingCartTest.java:27)]</exception>
  </test-step>
</acceptance-test-run>