<acceptance-test-run title="Search for many articles by keyword" name="Search for many articles by keyword" description="" steps="6" successful="4" failures="2" skipped="0" ignored="0" pending="0" annotated-result="FAILURE" result="FAILURE" duration="55334" timestamp="2017-02-05T01:24:26.098+01:00" session-id="f08fafbe5492800e0479498482f82d56">
  <user-story id="search-by-keyword" name="Search by keyword" path="src/test/resources/features/search/search_by_keyword.feature"/>
  <issues>
    <issue>ETSY-102</issue>
    <issue>ETSY-102</issue>
    <issue>ETSY-102</issue>
    <issue>ETSY-102</issue>
    <issue>ETSY-102</issue>
    <issue>ETSY-102</issue>
    <issue>ETSY-102</issue>
  </issues>
  <versions>
    <version>Release-2</version>
  </versions>
  <tags>
    <tag name="Search" type="capability"/>
    <tag name="ui" type="component"/>
    <tag name="Search/Search by keyword" type="feature"/>
    <tag name="ETSY-102" type="issue"/>
    <tag name="Release-2" type="version"/>
  </tags>
  <examples>
    <datasets>
      <dataset startRow="0" rowCount="0" name="" description=""/>
    </datasets>
    <headers>
      <header>article</header>
      <header>keyword</header>
    </headers>
    <rows>
      <row result="FAILURE">
        <value>wool scarf</value>
        <value>wool</value>
      </row>
      <row result="FAILURE">
        <value>cotton shirt</value>
        <value>cotton</value>
      </row>
    </rows>
  </examples>
  <test-group name="[1] {article=wool scarf, keyword=wool}" result="FAILURE">
    <test-group name="Given I would like to buy a wool scarf" result="SUCCESS">
      <screenshots>
        <screenshot image="fdd0eb3f1ee2bafc0da0a14abedf86a8.png"/>
      </screenshots>
      <test-step result="SUCCESS" duration="10112">
        <screenshots>
          <screenshot image="fdd0eb3f1ee2bafc0da0a14abedf86a8.png"/>
        </screenshots>
        <description>Opens home page</description>
      </test-step>
    </test-group>
    <test-group name="When I search for &apos;wool scarf&apos;" result="SUCCESS">
      <screenshots>
        <screenshot image="459883f293e8d02527192011531ce0c8.png"/>
      </screenshots>
      <test-step result="SUCCESS" duration="12574">
        <screenshots>
          <screenshot image="459883f293e8d02527192011531ce0c8.png"/>
        </screenshots>
        <description>Searches by keyword: wool scarf</description>
      </test-step>
    </test-group>
    <test-group name="Then I should see only articles related to &apos;wool&apos;" result="FAILURE">
      <test-step result="FAILURE" duration="2017">
        <screenshots>
          <screenshot image="459883f293e8d02527192011531ce0c8.png" source="pagesource1818170405232814041.html.txt"/>
        </screenshots>
        <description>Should see results summary containing: wool</description>
        <error>java.lang.AssertionError: 
Expecting:
 &lt;&quot;“&quot;&gt;
to contain:
 &lt;&quot;wool&quot;&gt;
 (ignoring case)</error>
        <exception>java.lang.AssertionError:
Expecting:
 &lt;&quot;“&quot;&gt;
to contain:
 &lt;&quot;wool&quot;&gt;
 (ignoring case)&#xd;
[net.thucydides.showcase.cucumber.steps.serenity.BuyerSteps.should_see_results_summary_containing(BuyerSteps.java:35), net.thucydides.showcase.cucumber.steps.SearchScenarioSteps.resultsForACategoryAndKeywordInARegion(SearchScenarioSteps.java:28)]</exception>
      </test-step>
    </test-group>
  </test-group>
  <test-group name="[1] {article=cotton shirt, keyword=cotton}" result="FAILURE">
    <test-group name="Given I would like to buy a cotton shirt" result="SUCCESS">
      <screenshots>
        <screenshot image="d516243ad9dd26c2041351fe119934cc.png"/>
      </screenshots>
      <test-step result="SUCCESS" duration="11452">
        <screenshots>
          <screenshot image="d516243ad9dd26c2041351fe119934cc.png"/>
        </screenshots>
        <description>Opens home page</description>
      </test-step>
    </test-group>
    <test-group name="When I search for &apos;cotton shirt&apos;" result="SUCCESS">
      <screenshots>
        <screenshot image="4dde2e82366f590fd3140f737a6da161.png"/>
      </screenshots>
      <test-step result="SUCCESS" duration="11848">
        <screenshots>
          <screenshot image="4dde2e82366f590fd3140f737a6da161.png"/>
        </screenshots>
        <description>Searches by keyword: cotton shirt</description>
      </test-step>
    </test-group>
    <test-group name="Then I should see only articles related to &apos;cotton&apos;" result="FAILURE">
      <test-step result="FAILURE" duration="1971">
        <screenshots>
          <screenshot image="4dde2e82366f590fd3140f737a6da161.png" source="pagesource7611570190072364413.html.txt"/>
        </screenshots>
        <description>Should see results summary containing: cotton</description>
        <error>java.lang.AssertionError: 
Expecting:
 &lt;&quot;“&quot;&gt;
to contain:
 &lt;&quot;cotton&quot;&gt;
 (ignoring case)</error>
        <exception>java.lang.AssertionError:
Expecting:
 &lt;&quot;“&quot;&gt;
to contain:
 &lt;&quot;cotton&quot;&gt;
 (ignoring case)&#xd;
[net.thucydides.showcase.cucumber.steps.serenity.BuyerSteps.should_see_results_summary_containing(BuyerSteps.java:35), net.thucydides.showcase.cucumber.steps.SearchScenarioSteps.resultsForACategoryAndKeywordInARegion(SearchScenarioSteps.java:28)]</exception>
      </test-step>
    </test-group>
  </test-group>
</acceptance-test-run>