{"name":"Search for many articles by keyword","testSteps":[{"number":1,"description":"[1] {article\u003dwool scarf, keyword\u003dwool}","duration":26874,"startTime":1486254266099,"result":"SUCCESS","children":[{"number":2,"description":"Given I would like to buy a wool scarf","duration":11298,"startTime":1486254266102,"screenshots":[{"screenshot":"fdd0eb3f1ee2bafc0da0a14abedf86a8.png"}],"result":"SUCCESS","children":[{"number":3,"description":"Opens home page","duration":10112,"startTime":1486254266115,"screenshots":[{"screenshot":"fdd0eb3f1ee2bafc0da0a14abedf86a8.png"}],"result":"SUCCESS"}]},{"number":4,"description":"When I search for \u0027wool scarf\u0027","duration":13544,"startTime":1486254277401,"screenshots":[{"screenshot":"459883f293e8d02527192011531ce0c8.png"}],"result":"SUCCESS","children":[{"number":5,"description":"Searches by keyword: wool scarf","duration":12574,"startTime":1486254277405,"screenshots":[{"screenshot":"459883f293e8d02527192011531ce0c8.png"}],"result":"SUCCESS"}]},{"number":6,"description":"Then I should see only articles related to \u0027wool\u0027","duration":2025,"startTime":1486254290946,"exception":{"errorType":"java.lang.AssertionError","message":"\nExpecting:\n \u003c\"“\"\u003e\nto contain:\n \u003c\"wool\"\u003e\n (ignoring case)","stackTrace":[{"declaringClass":"net.thucydides.showcase.cucumber.steps.serenity.BuyerSteps","methodName":"should_see_results_summary_containing","fileName":"BuyerSteps.java","lineNumber":35},{"declaringClass":"net.thucydides.showcase.cucumber.steps.SearchScenarioSteps","methodName":"resultsForACategoryAndKeywordInARegion","fileName":"SearchScenarioSteps.java","lineNumber":28},{"declaringClass":"✽","methodName":"Then I should see only articles related to \u0027wool\u0027","fileName":"src/test/resources/features/search/search_by_keyword.feature","lineNumber":26}]},"result":"FAILURE","children":[{"number":7,"description":"Should see results summary containing: wool","duration":2017,"startTime":1486254290949,"screenshots":[{"screenshot":"459883f293e8d02527192011531ce0c8.png","htmlSource":"pagesource1818170405232814041.html.txt"}],"exception":{"errorType":"java.lang.AssertionError","message":"\nExpecting:\n \u003c\"“\"\u003e\nto contain:\n \u003c\"wool\"\u003e\n (ignoring case)","stackTrace":[{"declaringClass":"net.thucydides.showcase.cucumber.steps.serenity.BuyerSteps","methodName":"should_see_results_summary_containing","fileName":"BuyerSteps.java","lineNumber":35},{"declaringClass":"net.thucydides.showcase.cucumber.steps.SearchScenarioSteps","methodName":"resultsForACategoryAndKeywordInARegion","fileName":"SearchScenarioSteps.java","lineNumber":28}]},"result":"FAILURE"}]}]},{"number":8,"description":"[1] {article\u003dcotton shirt, keyword\u003dcotton}","duration":27240,"startTime":1486254294192,"result":"SUCCESS","children":[{"number":9,"description":"Given I would like to buy a cotton shirt","duration":12592,"startTime":1486254294193,"screenshots":[{"screenshot":"d516243ad9dd26c2041351fe119934cc.png"}],"result":"SUCCESS","children":[{"number":10,"description":"Opens home page","duration":11452,"startTime":1486254294225,"screenshots":[{"screenshot":"d516243ad9dd26c2041351fe119934cc.png"}],"result":"SUCCESS"}]},{"number":11,"description":"When I search for \u0027cotton shirt\u0027","duration":12661,"startTime":1486254306786,"screenshots":[{"screenshot":"4dde2e82366f590fd3140f737a6da161.png"}],"result":"SUCCESS","children":[{"number":12,"description":"Searches by keyword: cotton shirt","duration":11848,"startTime":1486254306789,"screenshots":[{"screenshot":"4dde2e82366f590fd3140f737a6da161.png"}],"result":"SUCCESS"}]},{"number":13,"description":"Then I should see only articles related to \u0027cotton\u0027","duration":1981,"startTime":1486254319448,"exception":{"errorType":"java.lang.AssertionError","message":"\nExpecting:\n \u003c\"“\"\u003e\nto contain:\n \u003c\"cotton\"\u003e\n (ignoring case)","stackTrace":[{"declaringClass":"net.thucydides.showcase.cucumber.steps.serenity.BuyerSteps","methodName":"should_see_results_summary_containing","fileName":"BuyerSteps.java","lineNumber":35},{"declaringClass":"net.thucydides.showcase.cucumber.steps.SearchScenarioSteps","methodName":"resultsForACategoryAndKeywordInARegion","fileName":"SearchScenarioSteps.java","lineNumber":28},{"declaringClass":"✽","methodName":"Then I should see only articles related to \u0027cotton\u0027","fileName":"src/test/resources/features/search/search_by_keyword.feature","lineNumber":26}]},"result":"FAILURE","children":[{"number":14,"description":"Should see results summary containing: cotton","duration":1971,"startTime":1486254319451,"screenshots":[{"screenshot":"4dde2e82366f590fd3140f737a6da161.png","htmlSource":"pagesource7611570190072364413.html.txt"}],"exception":{"errorType":"java.lang.AssertionError","message":"\nExpecting:\n \u003c\"“\"\u003e\nto contain:\n \u003c\"cotton\"\u003e\n (ignoring case)","stackTrace":[{"declaringClass":"net.thucydides.showcase.cucumber.steps.serenity.BuyerSteps","methodName":"should_see_results_summary_containing","fileName":"BuyerSteps.java","lineNumber":35},{"declaringClass":"net.thucydides.showcase.cucumber.steps.SearchScenarioSteps","methodName":"resultsForACategoryAndKeywordInARegion","fileName":"SearchScenarioSteps.java","lineNumber":28}]},"result":"FAILURE"}]}]}],"userStory":{"id":"search-by-keyword","storyName":"Search by keyword","path":"src/test/resources/features/search/search_by_keyword.feature","narrative":"In order for buyers to find what they are looking for more efficiently\r\nAs a seller\r\nI want buyers to be able to search for articles by keywords","type":"feature"},"title":"Search for many articles by keyword","description":"","additionalIssues":["ETSY-102","ETSY-102","ETSY-102","ETSY-102","ETSY-102","ETSY-102","ETSY-102"],"tags":[{"name":"ETSY-102","type":"issue"},{"name":"Search/Search by keyword","type":"feature"},{"name":"ui","type":"component"},{"name":"Release-2","type":"version"},{"name":"Search","type":"capability"}],"startTime":1486254266098,"duration":55334,"testFailureCause":{"errorType":"java.lang.AssertionError","message":"\nExpecting:\n \u003c\"“\"\u003e\nto contain:\n \u003c\"wool\"\u003e\n (ignoring case)","stackTrace":[{"declaringClass":"net.thucydides.showcase.cucumber.steps.serenity.BuyerSteps","methodName":"should_see_results_summary_containing","fileName":"BuyerSteps.java","lineNumber":35},{"declaringClass":"net.thucydides.showcase.cucumber.steps.SearchScenarioSteps","methodName":"resultsForACategoryAndKeywordInARegion","fileName":"SearchScenarioSteps.java","lineNumber":28}]},"testFailureClassname":"java.lang.AssertionError","testFailureMessage":"\nExpecting:\n \u003c\"“\"\u003e\nto contain:\n \u003c\"wool\"\u003e\n (ignoring case)\r\n\nExpecting:\n \u003c\"“\"\u003e\nto contain:\n \u003c\"wool\"\u003e\n (ignoring case)\r\n\nExpecting:\n \u003c\"“\"\u003e\nto contain:\n \u003c\"cotton\"\u003e\n (ignoring case)\r\n\nExpecting:\n \u003c\"“\"\u003e\nto contain:\n \u003c\"cotton\"\u003e\n (ignoring case)","annotatedResult":"FAILURE","sessionId":"f08fafbe5492800e0479498482f82d56","driver":"chrome","dataTable":{"headers":["article","keyword"],"rows":[{"values":["wool scarf","wool"],"result":"FAILURE"},{"values":["cotton shirt","cotton"],"result":"FAILURE"}],"predefinedRows":true,"dataSetDescriptors":[{"startRow":0,"rowCount":0,"name":"","description":""}]},"manual":false,"result":"FAILURE","issues":["ETSY-102","ETSY-102","ETSY-102","ETSY-102","ETSY-102","ETSY-102","ETSY-102"],"versions":["Release-2"]}