<acceptance-test-run title="Search by shop name" name="Search by shop name" description="" steps="8" successful="6" failures="0" errors="1" skipped="1" ignored="0" pending="0" annotated-result="ERROR" result="ERROR" duration="45240" timestamp="2017-02-05T01:23:39.269+01:00" session-id="e087b64b98e9c76ac8c03073a1b12fea">
  <user-story id="search-by-keyword" name="Search by keyword" path="src/test/resources/features/search/search_by_keyword.feature"/>
  <issues>
    <issue>ETSY-102</issue>
    <issue>ETSY-102</issue>
    <issue>ETSY-102</issue>
    <issue>ETSY-102</issue>
    <issue>ETSY-102</issue>
  </issues>
  <versions>
    <version>Release-2</version>
  </versions>
  <tags>
    <tag name="Search" type="capability"/>
    <tag name="ui" type="component"/>
    <tag name="Search/Search by keyword" type="feature"/>
    <tag name="ETSY-102" type="issue"/>
    <tag name="Release-2" type="version"/>
  </tags>
  <examples>
    <datasets>
      <dataset startRow="0" rowCount="0" name="" description=""/>
    </datasets>
    <headers>
      <header>shopname</header>
    </headers>
    <rows>
      <row result="SUCCESS">
        <value>SwankySips</value>
      </row>
      <row result="ERROR">
        <value>mymagicname</value>
      </row>
    </rows>
  </examples>
  <test-group name="[1] {shopname=SwankySips}" result="SUCCESS">
    <screenshots>
      <screenshot image="888f854c11a73fd0af8a7a6ddf9a95f9.png"/>
    </screenshots>
    <test-group name="Given I want to see articles from a particular shop" result="SUCCESS">
      <screenshots>
        <screenshot image="0f81319d3b1ad87e44df9aa4548d4c02.png"/>
      </screenshots>
      <test-step result="SUCCESS" duration="10406">
        <screenshots>
          <screenshot image="0f81319d3b1ad87e44df9aa4548d4c02.png"/>
        </screenshots>
        <description>Opens home page</description>
      </test-step>
    </test-group>
    <test-group name="When I search by shop for &apos;SwankySips&apos;" result="SUCCESS">
      <screenshots>
        <screenshot image="888f854c11a73fd0af8a7a6ddf9a95f9.png"/>
      </screenshots>
      <test-step result="SUCCESS" duration="5611">
        <screenshots>
          <screenshot image="0f81319d3b1ad87e44df9aa4548d4c02.png"/>
        </screenshots>
        <description>Should see nonexistant field</description>
      </test-step>
      <test-step result="SUCCESS" duration="4537">
        <screenshots>
          <screenshot image="888f854c11a73fd0af8a7a6ddf9a95f9.png"/>
        </screenshots>
        <description>Searches for shop called: SwankySips</description>
      </test-step>
    </test-group>
    <test-group name="Then I should find 1 shop called &apos;SwankySips&apos;" result="SUCCESS">
      <screenshots>
        <screenshot image="888f854c11a73fd0af8a7a6ddf9a95f9.png"/>
      </screenshots>
      <test-step result="SUCCESS" duration="609">
        <screenshots>
          <screenshot image="888f854c11a73fd0af8a7a6ddf9a95f9.png"/>
        </screenshots>
        <description>Should see shop search result summary of: 1, SwankySips</description>
      </test-step>
    </test-group>
  </test-group>
  <test-group name="[1] {shopname=mymagicname}" result="ERROR">
    <test-group name="Given I want to see articles from a particular shop" result="SUCCESS">
      <screenshots>
        <screenshot image="2992751f7e70b9cd08672a3ecdb1361b.png"/>
      </screenshots>
      <test-step result="SUCCESS" duration="10861">
        <screenshots>
          <screenshot image="2992751f7e70b9cd08672a3ecdb1361b.png"/>
        </screenshots>
        <description>Opens home page</description>
      </test-step>
    </test-group>
    <test-group name="When I search by shop for &apos;mymagicname&apos;" result="ERROR">
      <test-step result="SUCCESS" duration="5632">
        <screenshots>
          <screenshot image="2992751f7e70b9cd08672a3ecdb1361b.png"/>
        </screenshots>
        <description>Should see nonexistant field</description>
      </test-step>
      <test-step result="ERROR" duration="2873">
        <screenshots>
          <screenshot image="0a50837eca214120aceec6f50ed6cea9.png" source="pagesource4432024060792236902.html.txt"/>
        </screenshots>
        <description>Searches for shop called: mymagicname</description>
        <error>org.openqa.selenium.StaleElementReferenceException: stale element reference: element is not attached to the page document
  (Session info: chrome=55.0.2883.87)
  (Driver info: chromedriver=2.27.440174 (e97a722caafc2d3a8b807ee115bfb307f7d2cfd9),platform=Windows NT 10.0.14393 x86_64) (WARNING: The server did not provide any stacktrace information)
Command duration or timeout: 19 milliseconds
For documentation on this error, please visit: http://seleniumhq.org/exceptions/stale_element_reference.html
Build info: version: &apos;2.53.0&apos;, revision: &apos;35ae25b1534ae328c771e0856c93e187490ca824&apos;, time: &apos;2016-03-15 10:43:46&apos;
System info: host: &apos;Scout&apos;, ip: &apos;192.168.128.104&apos;, os.name: &apos;Windows 10&apos;, os.arch: &apos;amd64&apos;, os.version: &apos;10.0&apos;, java.version: &apos;1.8.0_92&apos;
Driver info: org.openqa.selenium.chrome.ChromeDriver
Capabilities [{applicationCacheEnabled=false, rotatable=false, mobileEmulationEnabled=false, networkConnectionEnabled=false, chrome={chromedriverVersion=2.27.440174 (e97a722caafc2d3a8b807ee115bfb307f7d2cfd9), userDataDir=C:\Users\Luke\AppData\Local\Temp\scoped_dir12140_30355}, takesHeapSnapshot=true, pageLoadStrategy=normal, databaseEnabled=false, handlesAlerts=true, hasTouchScreen=false, version=55.0.2883.87, platform=XP, browserConnectionEnabled=false, nativeEvents=true, acceptSslCerts=true, locationContextEnabled=true, webStorageEnabled=true, browserName=chrome, takesScreenshot=true, javascriptEnabled=true, cssSelectorsEnabled=true, unexpectedAlertBehaviour=}]
Session ID: e087b64b98e9c76ac8c03073a1b12fea</error>
        <exception>org.openqa.selenium.StaleElementReferenceException:stale element reference: element is not attached to the page document
  (Session info: chrome=55.0.2883.87)
  (Driver info: chromedriver=2.27.440174 (e97a722caafc2d3a8b807ee115bfb307f7d2cfd9),platform=Windows NT 10.0.14393 x86_64) (WARNING: The server did not provide any stacktrace information)
Command duration or timeout: 19 milliseconds
For documentation on this error, please visit: http://seleniumhq.org/exceptions/stale_element_reference.html
Build info: version: &apos;2.53.0&apos;, revision: &apos;35ae25b1534ae328c771e0856c93e187490ca824&apos;, time: &apos;2016-03-15 10:43:46&apos;
System info: host: &apos;Scout&apos;, ip: &apos;192.168.128.104&apos;, os.name: &apos;Windows 10&apos;, os.arch: &apos;amd64&apos;, os.version: &apos;10.0&apos;, java.version: &apos;1.8.0_92&apos;
Driver info: org.openqa.selenium.chrome.ChromeDriver
Capabilities [{applicationCacheEnabled=false, rotatable=false, mobileEmulationEnabled=false, networkConnectionEnabled=false, chrome={chromedriverVersion=2.27.440174 (e97a722caafc2d3a8b807ee115bfb307f7d2cfd9), userDataDir=C:\Users\Luke\AppData\Local\Temp\scoped_dir12140_30355}, takesHeapSnapshot=true, pageLoadStrategy=normal, databaseEnabled=false, handlesAlerts=true, hasTouchScreen=false, version=55.0.2883.87, platform=XP, browserConnectionEnabled=false, nativeEvents=true, acceptSslCerts=true, locationContextEnabled=true, webStorageEnabled=true, browserName=chrome, takesScreenshot=true, javascriptEnabled=true, cssSelectorsEnabled=true, unexpectedAlertBehaviour=}]
Session ID: e087b64b98e9c76ac8c03073a1b12fea&#xd;
[net.thucydides.showcase.cucumber.pages.HomePage.searchForShopCalled(HomePage.java:48), net.thucydides.showcase.cucumber.steps.serenity.BuyerSteps.searches_for_shop_called(BuyerSteps.java:40), net.thucydides.showcase.cucumber.steps.SearchScenarioSteps.whenISearchByShopFor(SearchScenarioSteps.java:39)]</exception>
      </test-step>
    </test-group>
    <test-step result="SKIPPED" duration="7">
      <description>Then I should find 1 shop called &apos;mymagicname&apos;</description>
    </test-step>
  </test-group>
</acceptance-test-run>