{"name":"Search by shop name","testSteps":[{"number":1,"description":"[1] {shopname\u003dSwankySips}","duration":23555,"startTime":1486254219271,"screenshots":[{"screenshot":"888f854c11a73fd0af8a7a6ddf9a95f9.png"}],"result":"SUCCESS","children":[{"number":2,"description":"Given I want to see articles from a particular shop","duration":11398,"startTime":1486254219272,"screenshots":[{"screenshot":"0f81319d3b1ad87e44df9aa4548d4c02.png"}],"result":"SUCCESS","children":[{"number":3,"description":"Opens home page","duration":10406,"startTime":1486254219285,"screenshots":[{"screenshot":"0f81319d3b1ad87e44df9aa4548d4c02.png"}],"result":"SUCCESS"}]},{"number":4,"description":"When I search by shop for \u0027SwankySips\u0027","duration":10639,"startTime":1486254230671,"screenshots":[{"screenshot":"888f854c11a73fd0af8a7a6ddf9a95f9.png"}],"result":"SUCCESS","children":[{"number":5,"description":"Should see nonexistant field","duration":5611,"startTime":1486254230676,"screenshots":[{"screenshot":"0f81319d3b1ad87e44df9aa4548d4c02.png"}],"result":"SUCCESS"},{"number":6,"description":"Searches for shop called: SwankySips","duration":4537,"startTime":1486254236289,"screenshots":[{"screenshot":"888f854c11a73fd0af8a7a6ddf9a95f9.png"}],"result":"SUCCESS"}]},{"number":7,"description":"Then I should find 1 shop called \u0027SwankySips\u0027","duration":1052,"startTime":1486254241310,"screenshots":[{"screenshot":"888f854c11a73fd0af8a7a6ddf9a95f9.png"}],"result":"SUCCESS","children":[{"number":8,"description":"Should see shop search result summary of: 1, SwankySips","duration":609,"startTime":1486254241314,"screenshots":[{"screenshot":"888f854c11a73fd0af8a7a6ddf9a95f9.png"}],"result":"SUCCESS"}]}]},{"number":9,"description":"[1] {shopname\u003dmymagicname}","duration":20565,"startTime":1486254243944,"result":"SUCCESS","children":[{"number":10,"description":"Given I want to see articles from a particular shop","duration":12023,"startTime":1486254243945,"screenshots":[{"screenshot":"2992751f7e70b9cd08672a3ecdb1361b.png"}],"result":"SUCCESS","children":[{"number":11,"description":"Opens home page","duration":10861,"startTime":1486254243958,"screenshots":[{"screenshot":"2992751f7e70b9cd08672a3ecdb1361b.png"}],"result":"SUCCESS"}]},{"number":12,"description":"When I search by shop for \u0027mymagicname\u0027","duration":8528,"startTime":1486254255969,"exception":{"errorType":"org.openqa.selenium.StaleElementReferenceException","message":"stale element reference: element is not attached to the page document\n  (Session info: chrome\u003d55.0.2883.87)\n  (Driver info: chromedriver\u003d2.27.440174 (e97a722caafc2d3a8b807ee115bfb307f7d2cfd9),platform\u003dWindows NT 10.0.14393 x86_64) (WARNING: The server did not provide any stacktrace information)\nCommand duration or timeout: 19 milliseconds\nFor documentation on this error, please visit: http://seleniumhq.org/exceptions/stale_element_reference.html\nBuild info: version: \u00272.53.0\u0027, revision: \u002735ae25b1534ae328c771e0856c93e187490ca824\u0027, time: \u00272016-03-15 10:43:46\u0027\nSystem info: host: \u0027Scout\u0027, ip: \u0027192.168.128.104\u0027, os.name: \u0027Windows 10\u0027, os.arch: \u0027amd64\u0027, os.version: \u002710.0\u0027, java.version: \u00271.8.0_92\u0027\nDriver info: org.openqa.selenium.chrome.ChromeDriver\nCapabilities [{applicationCacheEnabled\u003dfalse, rotatable\u003dfalse, mobileEmulationEnabled\u003dfalse, networkConnectionEnabled\u003dfalse, chrome\u003d{chromedriverVersion\u003d2.27.440174 (e97a722caafc2d3a8b807ee115bfb307f7d2cfd9), userDataDir\u003dC:\\Users\\Luke\\AppData\\Local\\Temp\\scoped_dir12140_30355}, takesHeapSnapshot\u003dtrue, pageLoadStrategy\u003dnormal, databaseEnabled\u003dfalse, handlesAlerts\u003dtrue, hasTouchScreen\u003dfalse, version\u003d55.0.2883.87, platform\u003dXP, browserConnectionEnabled\u003dfalse, nativeEvents\u003dtrue, acceptSslCerts\u003dtrue, locationContextEnabled\u003dtrue, webStorageEnabled\u003dtrue, browserName\u003dchrome, takesScreenshot\u003dtrue, javascriptEnabled\u003dtrue, cssSelectorsEnabled\u003dtrue, unexpectedAlertBehaviour\u003d}]\nSession ID: e087b64b98e9c76ac8c03073a1b12fea\nFor documentation on this error, please visit: http://seleniumhq.org/exceptions/stale_element_reference.html\nBuild info: version: \u00272.53.0\u0027, revision: \u002735ae25b1534ae328c771e0856c93e187490ca824\u0027, time: \u00272016-03-15 10:43:46\u0027\nSystem info: host: \u0027Scout\u0027, ip: \u0027192.168.128.104\u0027, os.name: \u0027Windows 10\u0027, os.arch: \u0027amd64\u0027, os.version: \u002710.0\u0027, java.version: \u00271.8.0_92\u0027\nDriver info: driver.version: unknown","stackTrace":[{"declaringClass":"net.thucydides.showcase.cucumber.pages.HomePage","methodName":"searchForShopCalled","fileName":"HomePage.java","lineNumber":48},{"declaringClass":"net.thucydides.showcase.cucumber.steps.serenity.BuyerSteps","methodName":"searches_for_shop_called","fileName":"BuyerSteps.java","lineNumber":40},{"declaringClass":"net.thucydides.showcase.cucumber.steps.SearchScenarioSteps","methodName":"whenISearchByShopFor","fileName":"SearchScenarioSteps.java","lineNumber":39}]},"result":"ERROR","children":[{"number":13,"description":"Should see nonexistant field","duration":5632,"startTime":1486254255973,"screenshots":[{"screenshot":"2992751f7e70b9cd08672a3ecdb1361b.png"}],"result":"SUCCESS"},{"number":14,"description":"Searches for shop called: mymagicname","duration":2873,"startTime":1486254261607,"screenshots":[{"screenshot":"0a50837eca214120aceec6f50ed6cea9.png","htmlSource":"pagesource4432024060792236902.html.txt"}],"exception":{"errorType":"org.openqa.selenium.StaleElementReferenceException","message":"stale element reference: element is not attached to the page document\n  (Session info: chrome\u003d55.0.2883.87)\n  (Driver info: chromedriver\u003d2.27.440174 (e97a722caafc2d3a8b807ee115bfb307f7d2cfd9),platform\u003dWindows NT 10.0.14393 x86_64) (WARNING: The server did not provide any stacktrace information)\nCommand duration or timeout: 19 milliseconds\nFor documentation on this error, please visit: http://seleniumhq.org/exceptions/stale_element_reference.html\nBuild info: version: \u00272.53.0\u0027, revision: \u002735ae25b1534ae328c771e0856c93e187490ca824\u0027, time: \u00272016-03-15 10:43:46\u0027\nSystem info: host: \u0027Scout\u0027, ip: \u0027192.168.128.104\u0027, os.name: \u0027Windows 10\u0027, os.arch: \u0027amd64\u0027, os.version: \u002710.0\u0027, java.version: \u00271.8.0_92\u0027\nDriver info: org.openqa.selenium.chrome.ChromeDriver\nCapabilities [{applicationCacheEnabled\u003dfalse, rotatable\u003dfalse, mobileEmulationEnabled\u003dfalse, networkConnectionEnabled\u003dfalse, chrome\u003d{chromedriverVersion\u003d2.27.440174 (e97a722caafc2d3a8b807ee115bfb307f7d2cfd9), userDataDir\u003dC:\\Users\\Luke\\AppData\\Local\\Temp\\scoped_dir12140_30355}, takesHeapSnapshot\u003dtrue, pageLoadStrategy\u003dnormal, databaseEnabled\u003dfalse, handlesAlerts\u003dtrue, hasTouchScreen\u003dfalse, version\u003d55.0.2883.87, platform\u003dXP, browserConnectionEnabled\u003dfalse, nativeEvents\u003dtrue, acceptSslCerts\u003dtrue, locationContextEnabled\u003dtrue, webStorageEnabled\u003dtrue, browserName\u003dchrome, takesScreenshot\u003dtrue, javascriptEnabled\u003dtrue, cssSelectorsEnabled\u003dtrue, unexpectedAlertBehaviour\u003d}]\nSession ID: e087b64b98e9c76ac8c03073a1b12fea","stackTrace":[{"declaringClass":"net.thucydides.showcase.cucumber.pages.HomePage","methodName":"searchForShopCalled","fileName":"HomePage.java","lineNumber":48},{"declaringClass":"net.thucydides.showcase.cucumber.steps.serenity.BuyerSteps","methodName":"searches_for_shop_called","fileName":"BuyerSteps.java","lineNumber":40},{"declaringClass":"net.thucydides.showcase.cucumber.steps.SearchScenarioSteps","methodName":"whenISearchByShopFor","fileName":"SearchScenarioSteps.java","lineNumber":39}]},"result":"ERROR"}]},{"number":15,"description":"Then I should find 1 shop called \u0027mymagicname\u0027","duration":7,"startTime":1486254264498,"result":"SKIPPED"}]}],"userStory":{"id":"search-by-keyword","storyName":"Search by keyword","path":"src/test/resources/features/search/search_by_keyword.feature","narrative":"In order for buyers to find what they are looking for more efficiently\r\nAs a seller\r\nI want buyers to be able to search for articles by keywords","type":"feature"},"title":"Search by shop name","description":"","additionalIssues":["ETSY-102","ETSY-102","ETSY-102","ETSY-102","ETSY-102"],"tags":[{"name":"ETSY-102","type":"issue"},{"name":"Search/Search by keyword","type":"feature"},{"name":"ui","type":"component"},{"name":"Release-2","type":"version"},{"name":"Search","type":"capability"}],"startTime":1486254219269,"duration":45240,"testFailureCause":{"errorType":"org.openqa.selenium.StaleElementReferenceException","message":"stale element reference: element is not attached to the page document\n  (Session info: chrome\u003d55.0.2883.87)\n  (Driver info: chromedriver\u003d2.27.440174 (e97a722caafc2d3a8b807ee115bfb307f7d2cfd9),platform\u003dWindows NT 10.0.14393 x86_64) (WARNING: The server did not provide any stacktrace information)\nCommand duration or timeout: 19 milliseconds\nFor documentation on this error, please visit: http://seleniumhq.org/exceptions/stale_element_reference.html\nBuild info: version: \u00272.53.0\u0027, revision: \u002735ae25b1534ae328c771e0856c93e187490ca824\u0027, time: \u00272016-03-15 10:43:46\u0027\nSystem info: host: \u0027Scout\u0027, ip: \u0027192.168.128.104\u0027, os.name: \u0027Windows 10\u0027, os.arch: \u0027amd64\u0027, os.version: \u002710.0\u0027, java.version: \u00271.8.0_92\u0027\nDriver info: org.openqa.selenium.chrome.ChromeDriver\nCapabilities [{applicationCacheEnabled\u003dfalse, rotatable\u003dfalse, mobileEmulationEnabled\u003dfalse, networkConnectionEnabled\u003dfalse, chrome\u003d{chromedriverVersion\u003d2.27.440174 (e97a722caafc2d3a8b807ee115bfb307f7d2cfd9), userDataDir\u003dC:\\Users\\Luke\\AppData\\Local\\Temp\\scoped_dir12140_30355}, takesHeapSnapshot\u003dtrue, pageLoadStrategy\u003dnormal, databaseEnabled\u003dfalse, handlesAlerts\u003dtrue, hasTouchScreen\u003dfalse, version\u003d55.0.2883.87, platform\u003dXP, browserConnectionEnabled\u003dfalse, nativeEvents\u003dtrue, acceptSslCerts\u003dtrue, locationContextEnabled\u003dtrue, webStorageEnabled\u003dtrue, browserName\u003dchrome, takesScreenshot\u003dtrue, javascriptEnabled\u003dtrue, cssSelectorsEnabled\u003dtrue, unexpectedAlertBehaviour\u003d}]\nSession ID: e087b64b98e9c76ac8c03073a1b12fea","stackTrace":[{"declaringClass":"net.thucydides.showcase.cucumber.pages.HomePage","methodName":"searchForShopCalled","fileName":"HomePage.java","lineNumber":48},{"declaringClass":"net.thucydides.showcase.cucumber.steps.serenity.BuyerSteps","methodName":"searches_for_shop_called","fileName":"BuyerSteps.java","lineNumber":40},{"declaringClass":"net.thucydides.showcase.cucumber.steps.SearchScenarioSteps","methodName":"whenISearchByShopFor","fileName":"SearchScenarioSteps.java","lineNumber":39}]},"testFailureClassname":"java.lang.AssertionError","testFailureMessage":"stale element reference: element is not attached to the page document\n  (Session info: chrome\u003d55.0.2883.87)\n  (Driver info: chromedriver\u003d2.27.440174 (e97a722caafc2d3a8b807ee115bfb307f7d2cfd9),platform\u003dWindows NT 10.0.14393 x86_64) (WARNING: The server did not provide any stacktrace information)\nCommand duration or timeout: 19 milliseconds\nFor documentation on this error, please visit: http://seleniumhq.org/exceptions/stale_element_reference.html\nBuild info: version: \u00272.53.0\u0027, revision: \u002735ae25b1534ae328c771e0856c93e187490ca824\u0027, time: \u00272016-03-15 10:43:46\u0027\nSystem info: host: \u0027Scout\u0027, ip: \u0027192.168.128.104\u0027, os.name: \u0027Windows 10\u0027, os.arch: \u0027amd64\u0027, os.version: \u002710.0\u0027, java.version: \u00271.8.0_92\u0027\nDriver info: org.openqa.selenium.chrome.ChromeDriver\nCapabilities [{applicationCacheEnabled\u003dfalse, rotatable\u003dfalse, mobileEmulationEnabled\u003dfalse, networkConnectionEnabled\u003dfalse, chrome\u003d{chromedriverVersion\u003d2.27.440174 (e97a722caafc2d3a8b807ee115bfb307f7d2cfd9), userDataDir\u003dC:\\Users\\Luke\\AppData\\Local\\Temp\\scoped_dir12140_30355}, takesHeapSnapshot\u003dtrue, pageLoadStrategy\u003dnormal, databaseEnabled\u003dfalse, handlesAlerts\u003dtrue, hasTouchScreen\u003dfalse, version\u003d55.0.2883.87, platform\u003dXP, browserConnectionEnabled\u003dfalse, nativeEvents\u003dtrue, acceptSslCerts\u003dtrue, locationContextEnabled\u003dtrue, webStorageEnabled\u003dtrue, browserName\u003dchrome, takesScreenshot\u003dtrue, javascriptEnabled\u003dtrue, cssSelectorsEnabled\u003dtrue, unexpectedAlertBehaviour\u003d}]\nSession ID: e087b64b98e9c76ac8c03073a1b12fea\r\nstale element reference: element is not attached to the page document\n  (Session info: chrome\u003d55.0.2883.87)\n  (Driver info: chromedriver\u003d2.27.440174 (e97a722caafc2d3a8b807ee115bfb307f7d2cfd9),platform\u003dWindows NT 10.0.14393 x86_64) (WARNING: The server did not provide any stacktrace information)\nCommand duration or timeout: 19 milliseconds\nFor documentation on this error, please visit: http://seleniumhq.org/exceptions/stale_element_reference.html\nBuild info: version: \u00272.53.0\u0027, revision: \u002735ae25b1534ae328c771e0856c93e187490ca824\u0027, time: \u00272016-03-15 10:43:46\u0027\nSystem info: host: \u0027Scout\u0027, ip: \u0027192.168.128.104\u0027, os.name: \u0027Windows 10\u0027, os.arch: \u0027amd64\u0027, os.version: \u002710.0\u0027, java.version: \u00271.8.0_92\u0027\nDriver info: org.openqa.selenium.chrome.ChromeDriver\nCapabilities [{applicationCacheEnabled\u003dfalse, rotatable\u003dfalse, mobileEmulationEnabled\u003dfalse, networkConnectionEnabled\u003dfalse, chrome\u003d{chromedriverVersion\u003d2.27.440174 (e97a722caafc2d3a8b807ee115bfb307f7d2cfd9), userDataDir\u003dC:\\Users\\Luke\\AppData\\Local\\Temp\\scoped_dir12140_30355}, takesHeapSnapshot\u003dtrue, pageLoadStrategy\u003dnormal, databaseEnabled\u003dfalse, handlesAlerts\u003dtrue, hasTouchScreen\u003dfalse, version\u003d55.0.2883.87, platform\u003dXP, browserConnectionEnabled\u003dfalse, nativeEvents\u003dtrue, acceptSslCerts\u003dtrue, locationContextEnabled\u003dtrue, webStorageEnabled\u003dtrue, browserName\u003dchrome, takesScreenshot\u003dtrue, javascriptEnabled\u003dtrue, cssSelectorsEnabled\u003dtrue, unexpectedAlertBehaviour\u003d}]\nSession ID: e087b64b98e9c76ac8c03073a1b12fea\nFor documentation on this error, please visit: http://seleniumhq.org/exceptions/stale_element_reference.html\nBuild info: version: \u00272.53.0\u0027, revision: \u002735ae25b1534ae328c771e0856c93e187490ca824\u0027, time: \u00272016-03-15 10:43:46\u0027\nSystem info: host: \u0027Scout\u0027, ip: \u0027192.168.128.104\u0027, os.name: \u0027Windows 10\u0027, os.arch: \u0027amd64\u0027, os.version: \u002710.0\u0027, java.version: \u00271.8.0_92\u0027\nDriver info: driver.version: unknown","annotatedResult":"ERROR","sessionId":"e087b64b98e9c76ac8c03073a1b12fea","driver":"chrome","dataTable":{"headers":["shopname"],"rows":[{"values":["SwankySips"],"result":"SUCCESS"},{"values":["mymagicname"],"result":"ERROR"}],"predefinedRows":true,"dataSetDescriptors":[{"startRow":0,"rowCount":0,"name":"","description":""}]},"manual":false,"result":"ERROR","issues":["ETSY-102","ETSY-102","ETSY-102","ETSY-102","ETSY-102"],"versions":["Release-2"]}