{"name":"Display social media links for a product","testSteps":[{"number":1,"description":"Given I have searched for \u0027Docking station\u0027 in my region","duration":44184,"startTime":1486254087755,"screenshots":[{"screenshot":"e06dcc54d7b44fe385c391490bebd34a.png"}],"result":"SUCCESS","children":[{"number":2,"description":"Opens home page","duration":5652,"startTime":1486254109290,"screenshots":[{"screenshot":"3fd5b87b42fc9812079e32d7f62b4994.png"}],"result":"SUCCESS"},{"number":3,"description":"Searches by keyword: Docking station","duration":11757,"startTime":1486254114943,"screenshots":[{"screenshot":"e06dcc54d7b44fe385c391490bebd34a.png"}],"result":"SUCCESS"},{"number":4,"description":"Filters by local region","duration":4402,"startTime":1486254126707,"screenshots":[{"screenshot":"e06dcc54d7b44fe385c391490bebd34a.png"}],"result":"SUCCESS"}]},{"number":5,"description":"When I select item 1","duration":9045,"startTime":1486254131940,"screenshots":[{"screenshot":"b315f3d3c243e1cb6eaf1b5e52590224.png"}],"result":"SUCCESS","children":[{"number":6,"description":"Selects listing: 1","duration":8472,"startTime":1486254131944,"screenshots":[{"screenshot":"b315f3d3c243e1cb6eaf1b5e52590224.png"}],"result":"SUCCESS"}]},{"number":7,"description":"Then I should see social media links","duration":3833,"startTime":1486254140986,"screenshots":[{"screenshot":"42a4d05461f1a17ab658155229a5b2ab.png"}],"result":"SUCCESS","children":[{"number":8,"description":"Should see facebook link","duration":708,"startTime":1486254140990,"screenshots":[{"screenshot":"b315f3d3c243e1cb6eaf1b5e52590224.png"}],"result":"SUCCESS"},{"number":9,"description":"Should see twitter link","duration":1062,"startTime":1486254141700,"screenshots":[{"screenshot":"42a4d05461f1a17ab658155229a5b2ab.png"}],"result":"SUCCESS"},{"number":10,"description":"Should see tumblr link","duration":1033,"startTime":1486254142764,"screenshots":[{"screenshot":"42a4d05461f1a17ab658155229a5b2ab.png"}],"result":"SUCCESS"}]}],"userStory":{"id":"display-product-details","storyName":"Display product details","path":"src/test/resources/features/search/display_product_details.feature","narrative":"In order to encourage buyers to make a purchase\r\nAs a seller\r\nI want buyers to be able to see details about a product","type":"feature"},"title":"Display social media links for a product","description":"","additionalIssues":["ETSY-101","ETSY-101"],"tags":[{"name":"ETSY-101","type":"issue"},{"name":"Search/Display product details","type":"feature"},{"name":"Release-1","type":"version"},{"name":"Search","type":"capability"},{"name":"Sprint-1.2","type":"version"}],"startTime":1486254087753,"duration":57068,"sessionId":"3cc608a85111a8743de05f8652392a27","driver":"chrome","manual":false,"result":"SUCCESS","issues":["ETSY-101","ETSY-101"],"versions":["Release-1","Sprint-1.2"]}