<acceptance-test-run title="Display social media links for a product" name="Display social media links for a product" description="" steps="7" successful="7" failures="0" skipped="0" ignored="0" pending="0" result="SUCCESS" duration="57068" timestamp="2017-02-05T01:21:27.753+01:00" session-id="3cc608a85111a8743de05f8652392a27">
  <user-story id="display-product-details" name="Display product details" path="src/test/resources/features/search/display_product_details.feature"/>
  <issues>
    <issue>ETSY-101</issue>
    <issue>ETSY-101</issue>
  </issues>
  <versions>
    <version>Release-1</version>
    <version>Sprint-1.2</version>
  </versions>
  <tags>
    <tag name="Search" type="capability"/>
    <tag name="Search/Display product details" type="feature"/>
    <tag name="ETSY-101" type="issue"/>
    <tag name="Release-1" type="version"/>
    <tag name="Sprint-1.2" type="version"/>
  </tags>
  <test-group name="Given I have searched for &apos;Docking station&apos; in my region" result="SUCCESS">
    <screenshots>
      <screenshot image="e06dcc54d7b44fe385c391490bebd34a.png"/>
    </screenshots>
    <test-step result="SUCCESS" duration="5652">
      <screenshots>
        <screenshot image="3fd5b87b42fc9812079e32d7f62b4994.png"/>
      </screenshots>
      <description>Opens home page</description>
    </test-step>
    <test-step result="SUCCESS" duration="11757">
      <screenshots>
        <screenshot image="e06dcc54d7b44fe385c391490bebd34a.png"/>
      </screenshots>
      <description>Searches by keyword: Docking station</description>
    </test-step>
    <test-step result="SUCCESS" duration="4402">
      <screenshots>
        <screenshot image="e06dcc54d7b44fe385c391490bebd34a.png"/>
      </screenshots>
      <description>Filters by local region</description>
    </test-step>
  </test-group>
  <test-group name="When I select item 1" result="SUCCESS">
    <screenshots>
      <screenshot image="b315f3d3c243e1cb6eaf1b5e52590224.png"/>
    </screenshots>
    <test-step result="SUCCESS" duration="8472">
      <screenshots>
        <screenshot image="b315f3d3c243e1cb6eaf1b5e52590224.png"/>
      </screenshots>
      <description>Selects listing: 1</description>
    </test-step>
  </test-group>
  <test-group name="Then I should see social media links" result="SUCCESS">
    <screenshots>
      <screenshot image="42a4d05461f1a17ab658155229a5b2ab.png"/>
    </screenshots>
    <test-step result="SUCCESS" duration="708">
      <screenshots>
        <screenshot image="b315f3d3c243e1cb6eaf1b5e52590224.png"/>
      </screenshots>
      <description>Should see facebook link</description>
    </test-step>
    <test-step result="SUCCESS" duration="1062">
      <screenshots>
        <screenshot image="42a4d05461f1a17ab658155229a5b2ab.png"/>
      </screenshots>
      <description>Should see twitter link</description>
    </test-step>
    <test-step result="SUCCESS" duration="1033">
      <screenshots>
        <screenshot image="42a4d05461f1a17ab658155229a5b2ab.png"/>
      </screenshots>
      <description>Should see tumblr link</description>
    </test-step>
  </test-group>
</acceptance-test-run>