{"name":"Add item to cart","testSteps":[{"number":1,"description":"Given I have searched for \u0027wool\u0027 in my region","duration":69833,"startTime":1486253882202,"screenshots":[{"screenshot":"ea86807fc6b5eb143e46dc8ca1f2bdd5.png"}],"result":"SUCCESS","children":[{"number":2,"description":"Opens home page","duration":10629,"startTime":1486253920748,"screenshots":[{"screenshot":"91d4b96e51710d77f697cd2be02a755d.png"}],"result":"SUCCESS"},{"number":3,"description":"Searches by keyword: wool","duration":15423,"startTime":1486253931382,"screenshots":[{"screenshot":"ea86807fc6b5eb143e46dc8ca1f2bdd5.png"}],"result":"SUCCESS"},{"number":4,"description":"Filters by local region","duration":4460,"startTime":1486253946808,"screenshots":[{"screenshot":"ea86807fc6b5eb143e46dc8ca1f2bdd5.png"}],"result":"SUCCESS"}]},{"number":5,"description":"And I have selected item 1","duration":8871,"startTime":1486253952036,"screenshots":[{"screenshot":"d038193ebc0ad58f7e286ae2c7de0e07.png"}],"result":"SUCCESS","children":[{"number":6,"description":"Selects listing: 1","duration":8013,"startTime":1486253952042,"screenshots":[{"screenshot":"132c89916e84058842effac427a45bf5.png"}],"result":"SUCCESS"}]},{"number":7,"description":"When I add it to the cart","duration":13020,"startTime":1486253960908,"screenshots":[{"screenshot":"4399d88c79e715b281ca21c8cf2e28e5.png"}],"result":"SUCCESS","children":[{"number":8,"description":"Adds current listing to cart","duration":11790,"startTime":1486253960931,"screenshots":[{"screenshot":"4399d88c79e715b281ca21c8cf2e28e5.png"}],"result":"SUCCESS"}]},{"number":9,"description":"Then the item should appear in the cart","duration":9583,"startTime":1486253973929,"exception":{"errorType":"java.lang.AssertionError","message":"expected:\u003c[tru]e\u003e but was:\u003c[fals]e\u003e","stackTrace":[{"declaringClass":"net.thucydides.showcase.cucumber.steps.serenity.BuyerSteps","methodName":"should_see_item_in_cart","fileName":"BuyerSteps.java","lineNumber":68},{"declaringClass":"net.thucydides.showcase.cucumber.steps.ShoppingCartScenarioSteps","methodName":"shouldSeeSelectedItemInCart","fileName":"ShoppingCartScenarioSteps.java","lineNumber":29},{"declaringClass":"✽","methodName":"Then the item should appear in the cart","fileName":"src/test/resources/features/shopping_cart/add_item_to_shopping_cart.feature","lineNumber":13}]},"result":"FAILURE","children":[{"number":10,"description":"Should see item in cart: Listing{name\u003d\u0027Cat bed, house, cave. Size M. Natural sheep wool. Hand felted. Color sand brown. Made by kivikis.\u0027, price\u003d205.64}","duration":9247,"startTime":1486253973935,"screenshots":[{"screenshot":"4399d88c79e715b281ca21c8cf2e28e5.png","htmlSource":"pagesource1280666338437564338.html.txt"}],"exception":{"errorType":"org.junit.ComparisonFailure","message":"expected:\u003c[tru]e\u003e but was:\u003c[fals]e\u003e","stackTrace":[{"declaringClass":"net.thucydides.showcase.cucumber.steps.serenity.BuyerSteps","methodName":"should_see_item_in_cart","fileName":"BuyerSteps.java","lineNumber":68},{"declaringClass":"net.thucydides.showcase.cucumber.steps.ShoppingCartScenarioSteps","methodName":"shouldSeeSelectedItemInCart","fileName":"ShoppingCartScenarioSteps.java","lineNumber":29}]},"result":"FAILURE"}]},{"number":11,"description":"And the shipping cost should be included in the total price","duration":6,"startTime":1486253983514,"result":"SKIPPED"}],"userStory":{"id":"add-an-item-to-the-shopping-cart","storyName":"Add an item to the shopping cart","path":"src/test/resources/features/shopping_cart/add_item_to_shopping_cart.feature","narrative":"As a buyer\r\nI want to be able to purchase items online\r\nSo that I can get them faster","type":"feature"},"title":"Add item to cart","description":"","additionalIssues":["ETSY-104"],"tags":[{"name":"ETSY-104","type":"issue"},{"name":"Add an item to the shopping cart","type":"feature"},{"name":"Release-1","type":"version"},{"name":"Sprint-1.1","type":"version"}],"startTime":1486253881645,"duration":101875,"testFailureCause":{"errorType":"org.junit.ComparisonFailure","message":"expected:\u003c[tru]e\u003e but was:\u003c[fals]e\u003e","stackTrace":[{"declaringClass":"net.thucydides.showcase.cucumber.steps.serenity.BuyerSteps","methodName":"should_see_item_in_cart","fileName":"BuyerSteps.java","lineNumber":68},{"declaringClass":"net.thucydides.showcase.cucumber.steps.ShoppingCartScenarioSteps","methodName":"shouldSeeSelectedItemInCart","fileName":"ShoppingCartScenarioSteps.java","lineNumber":29}]},"testFailureClassname":"java.lang.AssertionError","testFailureMessage":"expected:\u003c[tru]e\u003e but was:\u003c[fals]e\u003e\r\nexpected:\u003c[tru]e\u003e but was:\u003c[fals]e\u003e","annotatedResult":"FAILURE","sessionId":"33ebb044298af944df983f6c4f09caa5","driver":"chrome","manual":false,"result":"FAILURE","issues":["ETSY-104"],"versions":["Release-1","Sprint-1.1"]}