<acceptance-test-run title="Add item to cart" name="Add item to cart" description="" steps="7" successful="5" failures="1" skipped="1" ignored="0" pending="0" annotated-result="FAILURE" result="FAILURE" duration="101875" timestamp="2017-02-05T01:18:01.645+01:00" session-id="33ebb044298af944df983f6c4f09caa5">
  <user-story id="add-an-item-to-the-shopping-cart" name="Add an item to the shopping cart" path="src/test/resources/features/shopping_cart/add_item_to_shopping_cart.feature"/>
  <issues>
    <issue>ETSY-104</issue>
  </issues>
  <versions>
    <version>Release-1</version>
    <version>Sprint-1.1</version>
  </versions>
  <tags>
    <tag name="Add an item to the shopping cart" type="feature"/>
    <tag name="ETSY-104" type="issue"/>
    <tag name="Release-1" type="version"/>
    <tag name="Sprint-1.1" type="version"/>
  </tags>
  <test-group name="Given I have searched for &apos;wool&apos; in my region" result="SUCCESS">
    <screenshots>
      <screenshot image="ea86807fc6b5eb143e46dc8ca1f2bdd5.png"/>
    </screenshots>
    <test-step result="SUCCESS" duration="10629">
      <screenshots>
        <screenshot image="91d4b96e51710d77f697cd2be02a755d.png"/>
      </screenshots>
      <description>Opens home page</description>
    </test-step>
    <test-step result="SUCCESS" duration="15423">
      <screenshots>
        <screenshot image="ea86807fc6b5eb143e46dc8ca1f2bdd5.png"/>
      </screenshots>
      <description>Searches by keyword: wool</description>
    </test-step>
    <test-step result="SUCCESS" duration="4460">
      <screenshots>
        <screenshot image="ea86807fc6b5eb143e46dc8ca1f2bdd5.png"/>
      </screenshots>
      <description>Filters by local region</description>
    </test-step>
  </test-group>
  <test-group name="And I have selected item 1" result="SUCCESS">
    <screenshots>
      <screenshot image="d038193ebc0ad58f7e286ae2c7de0e07.png"/>
    </screenshots>
    <test-step result="SUCCESS" duration="8013">
      <screenshots>
        <screenshot image="132c89916e84058842effac427a45bf5.png"/>
      </screenshots>
      <description>Selects listing: 1</description>
    </test-step>
  </test-group>
  <test-group name="When I add it to the cart" result="SUCCESS">
    <screenshots>
      <screenshot image="4399d88c79e715b281ca21c8cf2e28e5.png"/>
    </screenshots>
    <test-step result="SUCCESS" duration="11790">
      <screenshots>
        <screenshot image="4399d88c79e715b281ca21c8cf2e28e5.png"/>
      </screenshots>
      <description>Adds current listing to cart</description>
    </test-step>
  </test-group>
  <test-group name="Then the item should appear in the cart" result="FAILURE">
    <test-step result="FAILURE" duration="9247">
      <screenshots>
        <screenshot image="4399d88c79e715b281ca21c8cf2e28e5.png" source="pagesource1280666338437564338.html.txt"/>
      </screenshots>
      <description>Should see item in cart: Listing{name=&apos;Cat bed, house, cave. Size M. Natural sheep wool. Hand felted. Color sand brown. Made by kivikis.&apos;, price=205.64}</description>
      <error>org.junit.ComparisonFailure: expected:&lt;[tru]e&gt; but was:&lt;[fals]e&gt;</error>
      <exception>org.junit.ComparisonFailure:expected:&lt;[tru]e&gt; but was:&lt;[fals]e&gt;&#xd;
[net.thucydides.showcase.cucumber.steps.serenity.BuyerSteps.should_see_item_in_cart(BuyerSteps.java:68), net.thucydides.showcase.cucumber.steps.ShoppingCartScenarioSteps.shouldSeeSelectedItemInCart(ShoppingCartScenarioSteps.java:29)]</exception>
    </test-step>
  </test-group>
  <test-step result="SKIPPED" duration="6">
    <description>And the shipping cost should be included in the total price</description>
  </test-step>
</acceptance-test-run>