<acceptance-test-run title="Add a dog" name="Add a dog" description="" steps="3" successful="3" failures="0" skipped="0" ignored="0" pending="0" result="SUCCESS" duration="7666" timestamp="2017-02-05T01:23:02.378+01:00">
  <user-story id="add-a-new-pet" name="Add a new pet" path="add_a_new_pet.feature"/>
  <versions>
    <version>Release-2</version>
  </versions>
  <tags>
    <tag name="Petstore" type="capability"/>
    <tag name="Petstore/Add a new pet" type="feature"/>
    <tag name="Release-2" type="version"/>
  </tags>
  <test-step result="SUCCESS" duration="82">
    <description>Given I have the following pet&#xd;
| name | status |&#xd;
| Fido | available |</description>
  </test-step>
  <test-group name="When I add the pet to the store" result="SUCCESS">
    <test-step result="SUCCESS" duration="0">
      <description>POST http://petstore.swagger.io/v2/pet&#xd;&#xd;</description>
    </test-step>
  </test-group>
  <test-group name="Then the pet should be available in the store" result="SUCCESS">
    <test-step result="SUCCESS" duration="0">
      <description>GET http://petstore.swagger.io/v2/pet/1410025803&#xd;&#xd;</description>
    </test-step>
  </test-group>
</acceptance-test-run>