{"name":"Add a dog","testSteps":[{"number":1,"description":"Given I have the following pet\r\n| name | status |\r\n| Fido | available |","duration":82,"startTime":1486254182380,"result":"SUCCESS"},{"number":2,"description":"When I add the pet to the store","duration":5709,"startTime":1486254182462,"result":"SUCCESS","children":[{"number":3,"description":"POST http://petstore.swagger.io/v2/pet\r\r","duration":0,"startTime":1486254188170,"result":"SUCCESS","restQuery":{"method":"POST","path":"http://petstore.swagger.io/v2/pet\r\r","content":"{\n    \"id\": 1410025803,\n    \"name\": \"Fido\",\n    \"photoUrls\": [\n        \n    ],\n    \"status\": \"available\"\n}\r","contentType":"application/json","requestHeaders":"Accept\u003d*/*\r\n\t\t\t\tContent-Type\u003dapplication/json; charset\u003dISO-8859-1\r\r","requestCookies":"\r\r","responseHeaders":"Date: Sun, 05 Feb 2017 00:23:07 GMT\nAccess-Control-Allow-Origin: *\nAccess-Control-Allow-Methods: GET, POST, DELETE, PUT\nAccess-Control-Allow-Headers: Content-Type, api_key, Authorization\nContent-Type: application/json\nConnection: close\nServer: Jetty(9.2.9.v20150224)\r","responseCookies":"\r","responseBody":"{\n    \"id\": 1410025803,\n    \"name\": \"Fido\",\n    \"photoUrls\": [\n        \n    ],\n    \"tags\": [\n        \n    ],\n    \"status\": \"available\"\n}","statusCode":200}}]},{"number":4,"description":"Then the pet should be available in the store","duration":1872,"startTime":1486254188172,"result":"SUCCESS","children":[{"number":5,"description":"GET http://petstore.swagger.io/v2/pet/1410025803\r\r","duration":0,"startTime":1486254188488,"result":"SUCCESS","restQuery":{"method":"GET","path":"http://petstore.swagger.io/v2/pet/1410025803\r\r","content":"\r","contentType":"null","requestHeaders":"Accept\u003d*/*\r\r","requestCookies":"\r\r","responseHeaders":"Date: Sun, 05 Feb 2017 00:23:08 GMT\nAccess-Control-Allow-Origin: *\nAccess-Control-Allow-Methods: GET, POST, DELETE, PUT\nAccess-Control-Allow-Headers: Content-Type, api_key, Authorization\nContent-Type: application/json\nConnection: close\nServer: Jetty(9.2.9.v20150224)\r","responseCookies":"\r","responseBody":"{\n    \"id\": 1410025803,\n    \"name\": \"Fido\",\n    \"photoUrls\": [\n        \n    ],\n    \"tags\": [\n        \n    ],\n    \"status\": \"available\"\n}","statusCode":200}}]}],"userStory":{"id":"add-a-new-pet","storyName":"Add a new pet","path":"add_a_new_pet.feature","narrative":"In order to sell a pet\r\nAs a store owner\r\nI want to add a new pet to the catalog","type":"feature"},"title":"Add a dog","description":"","tags":[{"name":"Release-2","type":"version"},{"name":"Petstore","type":"capability"},{"name":"Petstore/Add a new pet","type":"feature"}],"startTime":1486254182378,"duration":7666,"manual":false,"result":"SUCCESS","versions":["Release-2"]}